findings	Phenotype	Activity_score
CYP2B6_*1/*12	IM	0
G6PD_*1/Mediterranean Dallas Panama‚Sassari Cagliari Birmingham	Normal	G6PD
DPYD_*1/*7	IM	1
DPYD_HapB3/HapB3	IM	1
G6PD_*1/Lagosanto	Normal	G6PD
CYP2B6_*9/*6	PM	0
DPYD_*1/HapB3	IM	1.5
CYP2B6_*22/*22	URM	0
G6PD_*1/A-202A-376G	Normal	G6PD
CYP2B6_*9/*9	PM	0
DPYD_*1/*12	IM	1
CYP2C9_*1/*5	IM	1.5
CYP2B6_*1/*16	IM	0
G6PD_Mediterranean Dallas Panama‚Sassari Cagliari Birmingham/Mediterranean Dallas Panama‚Sassari Cagliari Birmingham	Deficient	G6PD
DPYD_c.2846A>T/c.2846A>T	IM	1
CYP2B6_*6/*6	PM	0
CYP2B6_*1/*9	IM	0
SLCO1B1_*5/*15	LF	0
CYP2B6_*1/*22	RM	0
UGT1A1_*1/*6	IM	0
TPMT_*2/*2	PM	0
CYP2B6_*1/*7	IM	0
SLCO1B1_*1/*5	IF	0
SLCO1B1_*15/*15	LF	0
CYP2B6_*1/*18	IM	0
UGT1A1_*1/*36	EM	0
CYP2B6_*1/*36	IM	0
RYR1_*1/c.1840C>T	MHS	0
RYR1_*1/c.14545G>A	MHS	0
CYP2B6_*1/*13	IM	0
RYR1_*1/c.130C>T	MHS	0
DPYD_*1/c.1775G>A	IM	1
CYP2C9_*1/*3	IM	1.5
UGT1A1_*28/*28	PM	0
UGT1A1_*1/*37	IM	0
G6PD_A-202A-376G/A-202A-376G	Deficient	G6PD
TPMT_*1/*3C	IM	0
CYP2B6_*1/*6	IM	0
CYP2B6_*1/*26	IM	0
TPMT_*1/*3A	IM	0
DPYD_*1/*2A	IM	1
CYP2C9_*1/*6	IM	1
G6PD_G6PDA-968C-376G/G6PDA-968C-376G	Deficient	G6PD
CYP2C9_*1/*14	IM	1.5
TPMT_*1/*4	IM	0
CYP2C9_*8/*8	IM	1
TPMT_*1/*2	IM	0
DPYD_*1/*13	IM	1
TPMT_*3C/*3C	PM	0
NUDT15_*1/*3	IM	0
CYP4F2_*3/*3	?	?
DPYD_*1/c.2846A>T	IM	1.5
CYP4F2_*1/*3	?	?
CYP2C9_*3/*3	IM	1
G6PD_Mahidol/Mahidol	Deficient	G6PD
UGT1A1_*1/DEFINE	?	0
RYR1_*1/c.6502G>A	MHS	0
UGT1A1_*1/*27	IM	0
CYP2C9_*1/*11	IM	1.5
RYR1_*1/c.6617C>T	MHS	0
CYP2C9_*1/*2	IM	1.5
CYP2B6_*1/*19	IM	0
CYP2C9_*2/*2	IM	1
NUDT15_*3/*3	PM	0
G6PD_*1/SalernoPyrgos	Normal	G6PD
DPYD_*1/c.557A>G	IM	1.5
UGT1A1_*6/*6	PM	0
G6PD_*1/G6PDA-968C-376G	Normal	G6PD
CYP2C9_*1/*12	IM	1.5
G6PD_*1/Asahi	Deficient	G6PD
RYR1_*1/c.1589G>A	MHS	0
UGT1A1_*1/*28	IM	0
CYP2C9_*1/*8	IM	1.5
CYP2B6_*1/*4	RM	0
G6PD_*1/Seattle Lodi Modena FerraraII Athens-like	Normal	G6PD
TPMT_*3A/*3A	PM	0
CYP2B6_*4/*6	IM	0
SLCO1B1_*5/*5	LF	0
RYR1_*1/c.1021G>C	MHS	0
G6PD_Seattle Lodi Modena FerraraII Athens-like/Seattle Lodi Modena FerraraII Athens-like	Deficient	G6PD
CYP2B6_*4/*4	URM	0
G6PD_*1/Union Maewo Chinese-2 Kalo	Normal	G6PD
G6PD_Union Maewo Chinese-2 Kalo/Union Maewo Chinese-2 Kalo	Deficient	G6PD
SLCO1B1_*1/*15	IF	0
